{"products":[{"id":"0.5386495046886333","qty":1}],"totalPrice":25.689999999999984}